,transaction_id,user_id,date,revenue,group
0,6776893763,3392612285,2017-06-15,3758.2,B
1,40289040,8006342366,2017-06-15,1518.7,B
2,1256395556,0966904442,2017-06-15,778.4,A
3,4376547739,9761119562,2017-06-15,27081.5,B
4,2237026988,8938272722,2017-06-15,5456.7,B
5,682111830,354753759,2017-06-15,5199.9,B
6,697523398,0954207769,2017-06-15,4293.3,B
7,1266826564,87567298,2017-06-15,2260.0,A
8,6091178825,593032209,2017-06-15,39510.1,A
9,5963060791,0825826410,2017-06-15,4280.5,B
10,4261331794,048078649,2017-06-15,10075.2,A
11,8944113944,798391727,2017-06-15,11455.6,B
12,1994038281,5322312934,2017-06-15,19823.8,A
13,7404373197,402872036,2017-06-15,34026.7,B
14,2513968735,1450304546,2017-06-15,30871.5,A
15,585178026,2423247576,2017-06-15,44558.6,B
16,1130217580,1329507692,2017-06-15,2298.5,B
17,8083310311,732528271,2017-06-15,2130.5,B
18,1542825672,7802404823,2017-06-15,48506.6,A
19,245801647,4730423721,2017-06-15,2613.8,A
20,2842737049,250367949,2017-06-15,565.4,B
21,3420012869,5773911718,2017-06-15,2274.5,B
22,732485641,6308351863,2017-06-15,1293.9,B
23,5152210454,719755321,2017-06-15,44260.5,B
24,6762105413,4236230779,2017-06-15,20377.4,B
25,433162108,54889870,2017-06-15,565.4,A
26,2649263322,969293001,2017-06-15,8633.7,A
27,5621300850,718445237,2017-06-15,20572.3,B
28,3820223673,6695917133,2017-06-15,13685.5,B
29,992122522,5169633082,2017-06-15,1449.5,A
30,817336808,7153524906,2017-06-15,340.4,B
31,2255645235,4998208839,2017-06-15,741.7,B
32,3496637216,2580408736,2017-06-15,3834.2,B
33,686275734,9913573281,2017-06-15,3758.2,A
34,562310172,052368483,2017-06-15,69475.6,A
35,6285322164,310642578,2017-06-15,5580.3,B
36,3151496542,3102558123,2017-06-15,5883.9,B
37,6043774158,7223849321,2017-06-15,16506.1,B
38,4123227637,5010195071,2017-06-15,57640.7,B
39,409445103,185074114,2017-06-15,1244.0,B
40,338377505,2256855441,2017-06-15,7264.6,B
41,8921462459,718445237,2017-06-15,2370.9,A
42,192858984,9474546761,2017-06-15,25639.3,B
43,4318920065,456402633,2017-06-15,5910.3,B
44,687601372,2819152401,2017-06-15,7302.4,A
45,839168977,1642147794,2017-06-16,5017.2,A
46,3336789529,4912738054,2017-06-16,8914.7,A
47,805931526,036069305,2017-06-16,18691.4,B
48,634161333,2021615254,2017-06-16,2760.6,B
49,737391187,2501155423,2017-06-16,8633.7,A
50,2926827434,7689133904,2017-06-16,7221.3,B
51,725389494,4991252231,2017-06-16,53796.5,B
52,928845942,4013244574,2017-06-16,778.4,B
53,4475115125,2782379090,2017-06-16,778.4,A
54,9321539544,0046631760,2017-06-16,166.8,A
55,7514081441,9641013035,2017-06-01,6629.5,A
56,508290059,9155481,2017-06-16,1153.7,B
57,4414541828,4996623154,2017-06-16,7243.0,A
58,8431219958,7127241428,2017-06-16,3230.7,B
59,4813976782,6681856612,2017-06-16,21293.5,B
60,3311411602,5022644400,2017-06-16,191131.9,B
61,7152176259,1437221122,2017-06-16,1658.0,B
62,186658273,574677157,2017-06-16,778.4,B
63,7062795494,053632948,2017-06-16,3007.1,A
64,912302825,1192716525,2017-06-16,6069.4,B
65,641272357,8768828468,2017-06-16,3910.4,B
66,4978195,1621257169,2017-06-01,5567.1,B
67,862744259,8084625873,2017-06-16,6069.4,B
68,1239369211,2497377493,2017-06-16,42402.3,B
69,431429098,3562757015,2017-06-16,57640.7,A
70,4477613506,3027867832,2017-06-01,24748.5,B
71,1360399721,0383057,2017-06-01,29406.8,B
72,419147075,2202107473,2017-06-01,1449.5,A
73,5797420185,0910927945,2017-06-01,92566.2,A
74,3921241667,482746249,2017-06-16,1634.7,B
75,2130364076,9210653326,2017-06-16,1892.8,A
76,1301919440,7726552708,2017-06-16,11175.9,A
77,4953726317,756882748,2017-06-16,102558.4,A
78,663677373,8282638091,2017-06-16,132509.1,B
79,200034852,9448276092,2017-06-16,5936.8,A
80,3413054261,7870531411,2017-06-16,4861.1,A
81,4221618050,3299763143,2017-06-16,14031.5,B
82,8612100314,9607001625,2017-06-16,13168.1,B
83,8242286880,2385314189,2017-06-16,10108.7,A
84,5690014405,1322294840,2017-06-16,1426.5,A
85,663576115,894526475,2017-06-22,35180.1,B
86,3341599405,2431083676,2017-06-22,2859.0,A
87,7103324194,8922172521,2017-06-22,739.5,B
88,8288287073,0173329056,2017-06-22,340.4,B
89,2529538404,3302670927,2017-06-22,4939.1,B
90,828900019,0420435401,2017-06-22,3355.5,B
91,4673579185,2423247576,2017-06-22,53030.9,B
92,2434210811,0231995512,2017-06-22,4499.0,B
93,716547380,476347079,2017-06-22,82343.1,B
94,302023665,716551457,2017-06-22,15686.5,B
95,832614769,716551457,2017-06-22,2123.3,B
96,1610515701,5277360277,2017-06-01,24824.9,A
97,1847012021,575461443,2017-06-01,14479.7,B
98,1639774223,5277360277,2017-06-01,19104.8,A
99,2140590893,244756099,2017-06-01,565.4,A
100,570439848,7361897735,2017-06-01,7954.4,B
101,4810676539,9390181472,2017-06-01,5567.1,A
102,2798332803,384140803,2017-06-01,7288.9,A
103,1729963953,4351520290,2017-06-01,6096.0,B
104,249870861,196350221,2017-06-01,52147.8,A
105,972047824,7225355053,2017-06-16,1798.5,B
106,4523120414,1011418696,2017-06-16,13930.5,A
107,1680452522,1997752298,2017-06-16,22894.7,A
108,879294804,9603883072,2017-06-16,15394.9,A
109,8469421116,2221019850,2017-06-01,12938.8,B
110,9832730641,4127340580,2017-06-01,18691.4,B
111,7726736131,6922340533,2017-06-01,42012.3,B
112,2151936882,6922340533,2017-06-01,23137.4,B
113,6686372396,444868281,2017-06-01,3707.6,A
114,4723320117,5022644400,2017-06-01,15191.0,A
115,8461183142,2118563852,2017-06-01,304.7,B
116,761164780,4127734541,2017-06-22,16447.4,A
117,326726020,2580408736,2017-06-22,1588.2,A
118,3273059334,9913573281,2017-06-22,8364.6,A
119,8976367773,6268203083,2017-06-22,11401.9,B
120,5665299651,2932779860,2017-06-22,11401.9,B
121,1784957802,7072113400,2017-06-22,2489.6,A
122,8740832349,3193921636,2017-06-22,35135.8,A
123,8968133273,6243572682,2017-06-22,3255.6,A
124,2296669130,769470731,2017-06-17,11401.9,A
125,2102083326,247429178,2017-06-17,21685.2,B
126,339158759,8846182236,2017-06-17,13165.2,B
127,3345233337,921644326,2017-06-17,25976.9,B
128,288586059,522006719,2017-06-22,17067.5,B
129,7485566412,3793315085,2017-06-22,7492.0,A
130,8603561360,7803204150,2017-06-22,16198.3,B
131,9306634131,6482216555,2017-06-22,180865.9,A
132,724685861,7486341386,2017-06-22,18489.5,B
133,6573036106,1405586202,2017-06-22,13426.5,A
134,94603742,969293001,2017-06-22,18649.8,A
135,3941395313,5964359413,2017-06-01,20782.4,B
136,9152580757,902118688,2017-06-01,834.8,B
137,3198189676,1117251815,2017-06-01,89055.0,A
138,7263449013,4710510559,2017-06-01,756.8,B
139,4764116418,2182657762,2017-06-01,21685.2,B
140,1762574780,156575729,2017-06-01,2613.8,B
141,900516329,6809369367,2017-06-01,563.3,A
142,25084201,442965893,2017-06-01,3355.5,B
143,3375333431,616785324,2017-06-01,16738.1,A
144,855008639,196350221,2017-06-01,6629.5,A
145,522357232,196350221,2017-06-01,24141.2,A
146,6755634503,639014250,2017-06-01,7275.4,B
147,2559462,6809369367,2017-06-01,2130.5,A
148,3894434828,838120603,2017-06-01,565.4,B
149,3682363318,3923360521,2017-06-17,26124.3,B
150,2668418011,102063436,2017-06-17,7086.4,B
151,1266247183,1591489760,2017-06-01,834.8,B
152,2032817529,8753109309,2017-06-01,27763.8,B
153,9443535044,994893461,2017-06-01,4114.2,A
154,4068901132,5201939017,2017-06-01,12795.7,A
155,389116777,372235355,2017-06-01,9384.9,A
156,3335207414,1773341132,2017-06-22,21987.0,B
157,982935100,700902374,2017-06-22,778.4,A
158,510291156,5800186827,2017-06-22,34042.5,B
159,1077081102,4498132516,2017-06-22,2130.5,A
160,3174157996,2084297317,2017-06-22,56444.8,B
161,3108932047,6965270948,2017-06-17,17005.7,A
162,1736263434,5325689922,2017-06-17,4628.0,A
163,812773041,5325689922,2017-06-17,1334.9,A
164,7763294733,28706817,2017-06-17,3230.7,B
165,235624558,494759603,2017-06-17,18691.4,B
166,8530200354,3437020071,2017-06-22,856.6,A
167,8571875615,2373902582,2017-06-23,2245.6,A
168,9077655228,1715209816,2017-06-01,4088.6,A
169,6531858583,1953453747,2017-06-01,4499.0,A
170,62519337,5307782840,2017-06-01,8843.0,A
171,3857182452,789116083,2017-06-01,8227.6,A
172,4608611,9607001625,2017-06-17,14262.7,B
173,716932103,5272983410,2017-06-02,123218.5,B
174,1092854416,6573614221,2017-06-02,6763.6,B
175,7482525361,1321055235,2017-06-02,7410.7,A
176,7796701147,3621055922,2017-06-02,2142.5,B
177,900301979,7427165738,2017-06-17,6629.5,B
178,7282728566,1003070281,2017-06-17,7872.6,A
179,7890678214,9913573281,2017-06-17,586.4,A
180,5917912834,4665198641,2017-06-23,4887.1,A
181,4752199399,7286741282,2017-06-23,8578.7,B
182,2102093329,429957222,2017-06-23,1630.0,B
183,2765523431,8187013194,2017-06-23,15016.5,B
184,8341765781,853126312,2017-06-23,11685.0,A
185,342169736,6996323191,2017-06-23,4242.0,A
186,5330044860,206470278,2017-06-17,8633.7,B
187,7280029884,5022644400,2017-06-17,3506.0,A
188,7356217453,6203532186,2017-06-17,53433.4,A
189,9213950584,1667802497,2017-06-17,544.5,B
190,9618718553,8147272735,2017-06-02,18542.9,A
191,2410226730,6809369367,2017-06-02,3859.6,A
192,521218449,3051622502,2017-06-02,1892.8,A
193,6895530317,948512687,2017-06-02,13942.0,B
194,959369448,1777210574,2017-06-02,31293.6,B
195,2892020759,939983648,2017-06-02,291.0,A
196,3062962112,9548051840,2017-06-02,6351.5,A
197,2872032996,2182657762,2017-06-02,5226.0,A
198,2402169908,8506278786,2017-06-02,3859.6,A
199,8245083016,208279698,2017-06-23,5147.6,A
200,2261036178,4135665645,2017-06-23,6884.4,A
201,1182124760,484471208,2017-06-23,4137.2,B
202,930325842,1512230603,2017-06-23,3375.6,A
203,8833920669,1642797981,2017-06-17,27362.2,B
204,941335599,6398687389,2017-06-17,17831.8,B
205,3794460193,625035148,2017-06-02,997.4,B
206,932083939,4795396631,2017-06-02,6335.5,A
207,9107290081,7280255755,2017-06-02,12074.0,B
208,477865397,8318115161,2017-06-02,96584.4,B
209,733210887,676320624,2017-06-02,14726.1,A
210,8301821247,0827328016,2017-06-02,166.8,B
211,1372916826,1193233644,2017-06-02,5567.1,B
212,1904791861,7353702309,2017-06-02,6817.3,B
213,490738648,7353702309,2017-06-02,6629.5,B
214,1783964958,2234112111,2017-06-02,51562.2,A
215,4290682642,4549465232,2017-06-02,40937.6,B
216,5576431038,8491507105,2017-06-02,10570.8,B
217,2592143102,2243216539,2017-06-02,3834.2,B
218,907863251,4141370775,2017-06-02,5199.9,B
219,932249331,6688764261,2017-06-23,30809.1,A
220,325426675,4052175262,2017-06-23,5567.1,B
221,1301177357,5275177794,2017-06-23,2492.1,A
222,313353767,9516877020,2017-06-23,2908.3,A
223,16855344,5138372128,2017-06-23,5936.8,A
224,404782262,7659751952,2017-06-23,3081.4,B
225,8739613524,4944259159,2017-06-17,30281.7,A
226,5370242287,3120154349,2017-06-17,25700.6,B
227,9568724937,2580408736,2017-06-17,8584.2,A
228,861969952,391925184,2017-06-18,7180.8,B
229,1531749123,935772427,2017-06-18,46419.4,A
230,4344422019,0785742192,2017-06-23,85796.3,A
231,4274953712,07118851,2017-06-23,45233.2,B
232,835282301,5738539806,2017-06-23,6351.5,A
233,327277279,16816584,2017-06-23,16362.4,A
234,409806559,1339980139,2017-06-23,5488.2,B
235,688396995,7291473781,2017-06-23,1219.1,B
236,3323425130,2322526052,2017-06-23,1357.8,B
237,9241281503,4841301112,2017-06-23,16210.0,A
238,280049866,0670831549,2017-06-18,7134.9,B
239,1530888370,0376866469,2017-06-02,29655.6,A
240,3208360088,6028268388,2017-06-02,185.4,A
241,8614711115,3075213413,2017-06-02,5567.1,B
242,1928246929,680221624,2017-06-02,36639.0,B
243,598263875,203105489,2017-06-02,27454.8,A
244,3593231284,6327773308,2017-06-02,1963.8,A
245,983239742,581439813,2017-06-02,2613.8,A
246,634572695,969293001,2017-06-02,8633.7,B
247,2014523372,2234112111,2017-06-02,45012.5,A
248,5819012855,995233288,2017-06-18,2035.1,A
249,1503477786,4236230779,2017-06-18,20377.4,A
250,3273524751,3259460893,2017-06-18,5538.2,A
251,7552669229,6972772401,2017-06-18,7818.1,B
252,436467489,5169633082,2017-06-23,5593.5,B
253,1061610079,5022644400,2017-06-23,50012.4,A
254,9456355414,6688764261,2017-06-23,109591.8,B
255,7813973329,3896172841,2017-06-23,997.4,A
256,3590262978,716551457,2017-06-23,3682.4,A
257,252228954,1023038109,2017-06-23,41310.5,A
258,4127182316,2306749022,2017-06-23,4447.5,A
259,2571433030,128355839,2017-06-23,735.2,A
260,493326431,7829340289,2017-06-02,5580.3,B
261,8148201344,2534967383,2017-06-02,22440.4,A
262,7176527156,0267305593,2017-06-02,527.8,A
263,8662875145,5022644400,2017-06-18,30840.3,B
264,1075913538,784186280,2017-06-18,300.8,A
265,5847535130,2889175287,2017-06-18,4452.6,A
266,9110720212,5645153011,2017-06-18,41725.6,B
267,714713218,2889175287,2017-06-18,58565.9,B
268,7593808286,3636935277,2017-06-18,29220.3,B
269,2676701014,0504791743,2017-06-18,5910.3,A
270,7062732161,1710523100,2017-06-18,544.5,B
271,5622911336,1204221592,2017-06-23,5409.4,A
272,289098042,1147640753,2017-06-23,4216.4,B
273,5317372936,7079362282,2017-06-23,108280.6,B
274,8413334064,046221075,2017-06-23,2395.1,A
275,65462423,1940683226,2017-06-23,4499.0,A
276,9066146153,533818202,2017-06-23,5409.4,A
277,7470035331,7121690612,2017-06-02,12529.9,B
278,215246824,5412768514,2017-06-02,36226.1,B
279,1756201219,1667802497,2017-06-18,1822.0,A
280,2438008397,6078127181,2017-06-18,8265.9,A
281,3029123062,9579101633,2017-06-18,2154.4,A
282,3905535123,7382978202,2017-06-18,4628.0,A
283,5710136044,3961907950,2017-06-18,2395.1,B
284,897810045,3801308126,2017-06-18,2130.5,A
285,130293284,5343306196,2017-06-23,18394.5,B
286,8308532803,9311801719,2017-06-24,57640.7,A
287,278075875,5485244562,2017-06-24,180865.9,A
288,4160013209,7395764453,2017-06-02,4628.0,B
289,8147721156,7819749129,2017-06-02,5199.9,A
290,461748462,525076068,2017-06-02,834.8,B
291,3662155313,2238061064,2017-06-03,10891.2,A
292,4442918533,077717387,2017-06-03,35851.7,A
293,3192121321,317894233,2017-06-18,821.7,A
294,9235969706,6903085328,2017-06-18,72752.6,A
295,1681140036,4045916312,2017-06-18,16799.8,A
296,180934128,3090445244,2017-06-25,975.2,B
297,77405297,5983297810,2017-06-25,66956.2,A
298,412611317,4889036338,2017-06-24,7167.3,B
299,739822600,5647367120,2017-06-24,3707.6,B
300,67813730,4527185188,2017-06-18,5546.1,A
301,7125015029,3441199222,2017-06-03,14673.9,A
302,919837828,0331881717,2017-06-24,20167.8,B
303,6900951803,9745808177,2017-06-25,756.8,A
304,101805699,8207483673,2017-06-28,2638.2,A
305,5504315722,9618225942,2017-06-28,2613.8,B
306,7152273331,3604089350,2017-06-28,4801.4,A
307,6395509414,7326933889,2017-06-18,123.0,A
308,6397620967,1469105793,2017-06-19,4396.0,A
309,3736753122,1041082926,2017-06-19,6469.0,A
310,5073203748,9933344825,2017-06-03,60838.3,B
311,3315467536,0373627709,2017-06-24,10598.8,B
312,9831253745,1129244806,2017-06-24,2130.5,B
313,1571516313,2428626146,2017-06-24,975.2,A
314,939187834,3516876316,2017-06-24,1751.5,A
315,6531930993,595373177,2017-06-19,5514.5,B
316,2874227166,1981657943,2017-06-19,5936.8,A
317,518104648,3727735887,2017-06-19,6032.3,A
318,3984662921,9902342813,2017-06-19,34026.7,A
319,6148472854,1277944255,2017-06-19,3218.2,B
320,1576278572,2720437860,2017-06-19,3280.6,B
321,7575454710,8810235011,2017-06-19,2370.9,A
322,7215634791,0299461290,2017-06-19,461.7,B
323,8803560706,5645349625,2017-06-28,4628.0,B
324,1921891853,7894083111,2017-06-28,16341.9,B
325,7411218161,398347180,2017-06-28,8556.7,A
326,4156860790,266533776,2017-06-28,1634.7,A
327,2630989889,3680613110,2017-06-28,13082.0,B
328,3883270665,3443042300,2017-06-28,24293.6,A
329,613674940,1108774133,2017-06-28,3156.0,B
330,4008036040,3793315085,2017-06-28,1892.8,B
331,2220134219,718032651,2017-06-28,565.4,A
332,2015353742,5582377704,2017-06-28,4032.5,B
333,194616318,542379584,2017-06-25,1658.0,B
334,4719692714,2113628813,2017-06-25,2687.1,B
335,2077404065,562055217,2017-06-25,2123.3,A
336,5307435547,6739731049,2017-06-25,21715.3,B
337,2247989331,5248225365,2017-06-25,1244.0,A
338,3117242105,0149631833,2017-06-25,43894.7,A
339,6961272261,731884631,2017-06-25,135077.4,B
340,804209113,4896726471,2017-06-25,4628.0,B
341,2826874311,4558212728,2017-06-03,1588.2,A
342,8021080766,009719781,2017-06-03,1426.5,A
343,9664617312,9349828913,2017-06-03,15394.9,A
344,4181069236,017381043,2017-06-03,3455.8,A
345,994849418,1842114745,2017-06-03,2859.0,A
346,5114735207,0142735870,2017-06-03,3106.3,A
347,2134544041,6696281586,2017-06-03,11091.2,A
348,3320697873,0862114619,2017-06-03,821.7,A
349,738741552,1116799028,2017-06-24,6817.3,B
350,9350089789,3417271165,2017-06-24,15774.1,B
351,5951444427,0313972222,2017-06-24,778.4,A
352,2342176972,9174239452,2017-06-24,6175.7,A
353,376913098,3270860700,2017-06-24,4293.3,A
354,4171765620,3691243646,2017-06-24,13340.3,A
355,708229765,723373277,2017-06-24,17347.4,B
356,7146056928,6271410461,2017-06-28,12881.5,A
357,3719716682,743687369,2017-06-28,43564.8,A
358,7053370368,5610711919,2017-06-28,24996.2,A
359,656917960,3297421670,2017-06-28,1940.1,B
360,3746505293,8309736128,2017-06-06,24293.6,B
361,8720398040,8840418716,2017-06-06,49422.6,B
362,2455310175,109518601,2017-06-06,5147.6,A
363,6403298479,8214655131,2017-06-19,5963.3,B
364,7302521184,2817738117,2017-06-19,3606.7,A
365,5452322884,4516779721,2017-06-19,735.2,A
366,213057350,4491975965,2017-06-19,49422.6,A
367,3032117377,9366666880,2017-06-19,10024.9,B
368,8362397378,1332526265,2017-06-19,60193.4,B
369,4461034170,497129837,2017-06-24,35560.1,B
370,978536355,4097692924,2017-06-24,6069.4,A
371,2566581560,7312077437,2017-06-24,12824.3,B
372,1739108612,3288480216,2017-06-24,756.8,B
373,4713100493,482746249,2017-06-24,975.2,B
374,4342861116,3344578408,2017-06-24,49128.0,A
375,7386112380,9910415964,2017-06-25,48473.9,A
376,861668034,613614981,2017-06-25,12253.3,A
377,25468350,589255374,2017-06-25,8529.2,B
378,4999096881,0936211585,2017-06-25,14074.8,A
379,1224853363,3631220117,2017-06-25,47817.4,B
380,1113096737,1405586202,2017-06-25,5659.3,B
381,5055234164,794611154,2017-06-25,204.3,B
382,8977861419,186092752,2017-06-03,6069.4,A
383,3525539973,6881288401,2017-06-03,3355.5,B
384,893756178,6360184902,2017-06-03,12824.3,A
385,2891228211,855874925,2017-06-03,3126.1,A
386,3011124628,5727912371,2017-06-03,63421.4,A
387,1626951449,9770213533,2017-06-03,3255.6,A
388,5031123832,3882350126,2017-06-03,14433.4,A
389,174324469,667580344,2017-06-03,10075.2,A
390,1823724551,2580408736,2017-06-25,502.9,A
391,2138291033,9913573281,2017-06-25,64194.1,B
392,3273591356,8742411820,2017-06-25,6335.5,B
393,2708383242,2208035247,2017-06-25,2768.0,B
394,5604369762,5323872193,2017-06-28,35813.6,A
395,9581522831,616785324,2017-06-28,1869.2,A
396,6574530698,960455789,2017-06-28,27794.7,B
397,9974253654,1709623524,2017-06-28,1426.5,B
398,2804430195,3901763393,2017-06-28,9746.1,A
399,9382818805,8710014788,2017-06-28,27794.7,B
400,7614260022,2250045217,2017-06-28,14479.7,A
401,8314614253,0376866469,2017-06-28,57574.2,A
402,487818638,2889584517,2017-06-28,7519.1,B
403,5948903672,4807815374,2017-06-28,909.1,B
404,9450605221,9911584842,2017-06-28,112.2,B
405,2621201200,969462671,2017-06-03,1845.6,B
406,8453113945,0941499643,2017-06-03,83826.2,B
407,2645229901,6283969300,2017-06-03,27794.7,B
408,3215942182,9986782319,2017-06-03,40407.7,A
409,222029668,1641408147,2017-06-03,1153.7,B
410,2896378259,0743515304,2017-06-03,1634.7,B
411,1144910696,4582655170,2017-06-06,76143.6,B
412,4080891102,1734524815,2017-06-06,2130.5,B
413,467479767,602945852,2017-06-06,11458.4,B
414,7595652180,2043522381,2017-06-06,502.9,B
415,1228305115,3748723523,2017-06-06,24354.6,B
416,5487283731,0812728250,2017-06-06,1221.3,B
417,4670222279,2528520742,2017-06-06,865.3,A
418,7253022183,4548600391,2017-06-06,1565.0,A
419,854848577,2381827115,2017-06-06,4524.7,B
420,2782848252,4366610697,2017-06-06,121031.9,B
421,7791045463,4771315170,2017-06-19,100201.1,A
422,683188180,5483148320,2017-06-19,26253.3,A
423,4169154641,907194920,2017-06-19,31713.0,B
424,6090423344,0211686940,2017-06-19,931.1,B
425,900457891,0124121967,2017-06-19,6183359.6,B
426,42967419,8577334962,2017-06-19,6308.9,B
427,7695013910,8577334962,2017-06-19,3280.6,B
428,115377982,9590057401,2017-06-19,12681.3,A
429,8542362523,1616320410,2017-06-19,2395.1,B
430,1064169758,3014427520,2017-06-24,7709.2,A
431,958147797,807539372,2017-06-24,52312.5,B
432,6521654101,3014427520,2017-06-24,14175.9,B
433,7453356127,437399229,2017-06-24,15103.7,A
434,2545403111,3364219945,2017-06-25,3568.9,B
435,4063834424,9913573281,2017-06-28,61611.1,B
436,1533824982,8106654279,2017-06-28,31090.3,A
437,2223721970,5625228296,2017-06-28,4653.8,B
438,4768262257,964919263,2017-06-28,5317.6,B
439,1371582902,2283456120,2017-06-28,300.8,B
440,3163188854,832705903,2017-06-28,4651.3,B
441,4096837322,0172414817,2017-06-03,7180.8,B
442,2441738266,997679826,2017-06-03,975.2,B
443,6640025026,8384881338,2017-06-03,19614.7,B
444,1313057930,0304739977,2017-06-03,54999.9,B
445,7922660517,5138822195,2017-06-03,756.8,A
446,485566154,8734715104,2017-06-03,17763.8,A
447,649797017,705211607,2017-06-03,7005.5,B
448,95932128,7121818466,2017-06-03,7221.3,A
449,910486107,2903748651,2017-06-03,16500.2,A
450,6510106676,3335338618,2017-06-06,3280.6,A
451,1828660685,4258980317,2017-06-06,975.2,A
452,3736534846,6332167770,2017-06-06,13656.7,B
453,375143069,719755321,2017-06-06,11416.0,A
454,4334595275,1405586202,2017-06-06,19761.0,B
455,7125708880,4944259159,2017-06-06,7492.0,B
456,455434086,1405586202,2017-06-06,3682.4,A
457,3145510244,3304178395,2017-06-06,7383.6,B
458,4512465251,172711098,2017-06-06,2859.0,B
459,444863789,6752804103,2017-06-19,77.2,B
460,644544161,4307393178,2017-06-19,7818.1,A
461,1223318264,427653515,2017-06-19,82343.1,B
462,3602787601,1752982433,2017-06-19,25461.5,A
463,1345740704,420129072,2017-06-19,48473.9,B
464,8229558486,568105087,2017-06-26,4114.2,B
465,8694301950,5004066415,2017-06-26,27621.6,B
466,9270086930,699745693,2017-06-26,6871.0,B
467,8418319843,8072564139,2017-06-26,778.4,B
468,1812412182,0613596737,2017-06-03,3355.5,B
469,5742933433,0130224348,2017-06-03,24721.0,B
470,3142322214,1531301740,2017-06-03,24080.2,B
471,830893734,8342237664,2017-06-03,5936.8,A
472,5465390316,7800185031,2017-06-03,4628.0,B
473,2764003722,9913573281,2017-06-28,11204.1,B
474,504940692,6814311397,2017-06-28,2154.4,B
475,1097392910,3158542209,2017-06-28,671.0,B
476,571716744,4471879374,2017-06-28,565.4,B
477,2953339221,2343570499,2017-06-24,57707.2,B
478,316464939,895550793,2017-06-24,39699.1,A
479,2657024113,0785742192,2017-06-24,5147.6,B
480,6862594413,4321545006,2017-06-06,3455.8,B
481,2150943939,7790193701,2017-06-06,96584.4,B
482,7516741217,467591217,2017-06-06,4114.2,A
483,2020706258,1405586202,2017-06-06,17775.6,B
484,1232228366,2817738117,2017-06-06,16535.4,A
485,818564484,527619740,2017-06-19,756.8,A
486,459274922,2761725827,2017-06-19,2467.8,B
487,8670040062,7472413570,2017-06-19,3355.5,A
488,3988320420,2522419137,2017-06-19,3758.2,A
489,3684536255,399705182,2017-06-26,31356.1,B
490,4588331440,2183722347,2017-06-26,60440.6,B
491,448299408,3109333313,2017-06-26,6554.5,B
492,637739384,7364342397,2017-06-26,24400.4,B
493,310082824,4850416338,2017-06-26,23486.7,A
494,370129017,7003210394,2017-06-26,4602.2,B
495,1368604109,3795423218,2017-06-26,28429.1,A
496,7832252028,3531975995,2017-06-29,97779.1,B
497,668498245,3531975995,2017-06-29,5936.8,A
498,1656851192,3425023007,2017-06-04,5590.8,B
499,2213952823,0731793896,2017-06-04,26124.3,A
500,546432740,87533031,2017-06-04,2687.1,A
501,53575710,771963952,2017-06-04,975.2,B
502,756223707,7923713353,2017-06-24,607.4,A
503,271479822,859691256,2017-06-24,2130.5,A
504,4513331212,4024797875,2017-06-25,6202.3,A
505,9675382869,8383236832,2017-06-06,6096.0,B
506,974837138,8114951239,2017-06-06,22470.6,A
507,4904807096,3194812065,2017-06-06,1176.2,A
508,4722923401,7622522567,2017-06-06,13887.2,B
509,321319135,0064642703,2017-06-06,7682.1,B
510,2761030922,8067917028,2017-06-06,4421.7,B
511,4713893813,3947821660,2017-06-06,51420.8,B
512,7084524122,4548600391,2017-06-06,12424.3,A
513,9468230429,4477441307,2017-06-06,18513.2,B
514,1268674755,8838437003,2017-06-06,14871.2,A
515,7022840713,1711416728,2017-06-26,3859.6,A
516,9975334517,4097692924,2017-06-26,16037.3,B
517,851369352,4097692924,2017-06-26,2130.5,B
518,6677158869,9429747617,2017-06-26,7682.1,A
519,4118632205,723377155,2017-06-26,756.8,A
520,7422260773,1095700728,2017-06-26,1541.8,B
521,431104683,238313662,2017-06-26,29189.2,B
522,935180047,8600719333,2017-06-26,8364.6,B
523,1847973874,429957222,2017-06-19,12538.5,B
524,4810723164,0254777622,2017-06-19,17506.8,A
525,3610346465,632943694,2017-06-19,65304.2,A
526,5599418426,4139345115,2017-06-19,997.4,B
527,8315674051,9247161318,2017-06-19,106281.4,B
528,8241534958,527948933,2017-06-19,1565.0,A
529,91903909,2906857785,2017-06-19,8735.5,B
530,375532943,9291529540,2017-06-19,144305.3,A
531,4965710043,4059077115,2017-06-19,38486.8,A
532,5339747917,7891905063,2017-06-29,27621.6,A
533,1036860306,5131687140,2017-06-29,1442.6,B
534,1283361765,2301876271,2017-06-29,11444.3,A
535,601346312,4971723723,2017-06-04,22928.1,B
536,9308438252,9933344825,2017-06-04,60838.3,A
537,370884563,7359582144,2017-06-04,756.8,A
538,3107032967,4314755208,2017-06-04,12538.5,B
539,8975321615,3923360521,2017-06-20,16893.9,B
540,9109324548,9092622339,2017-06-20,2370.9,A
541,2064759042,5131331078,2017-06-20,5396.3,B
542,1572480933,0277147478,2017-06-20,29329.1,A
543,9848936387,813437120,2017-06-29,16617.6,A
544,7335838616,5429533162,2017-06-29,33163.5,B
545,1270431727,4447077225,2017-06-29,53433.4,B
546,6386269448,9729493171,2017-06-29,9913.3,B
547,2882197126,2874300837,2017-06-29,77293.3,B
548,603847461,8207483673,2017-06-29,3581.5,A
549,4293411244,3631596317,2017-06-29,113659.4,A
550,8451929362,8585335584,2017-06-29,27053.7,B
551,293403852,0114198660,2017-06-06,85588.7,B
552,546712713,3026198354,2017-06-06,3405.6,A
553,9967701629,3026198354,2017-06-06,4267.7,A
554,2475831696,3026198354,2017-06-06,1892.8,A
555,901463477,3441243240,2017-06-06,11455.6,A
556,528421577,4900303155,2017-06-06,12852.9,B
557,2798471492,496256484,2017-06-06,9080.4,B
558,7616723239,4900303155,2017-06-06,12852.9,B
559,6787988238,4100242851,2017-06-06,1892.8,A
560,4728253672,5410557307,2017-06-26,3455.8,B
561,349213314,0504791743,2017-06-26,5910.3,B
562,9421347362,3256051744,2017-06-26,105027.2,A
563,652239978,335339694,2017-06-26,113659.4,B
564,8996723345,1477521322,2017-06-26,2130.5,B
565,7904214661,3394661457,2017-06-26,5580.3,B
566,3694773005,9048429993,2017-06-26,14407.3,A
567,2395266685,56366309,2017-06-09,3355.5,B
568,1142746105,813992713,2017-06-09,85969.3,B
569,2563621540,2253176506,2017-06-09,4378.0,A
570,8847726618,4626256227,2017-06-04,99042.0,B
571,9801796456,5304723849,2017-06-04,692.4,A
572,8376651044,7782037146,2017-06-04,4628.0,A
573,8972816633,3186559,2017-06-04,3355.5,B
574,3705393450,1227455950,2017-06-04,565.4,B
575,511431822,9320214054,2017-06-04,13596.2,A
576,1225347934,9295470000,2017-06-04,17879.1,B
577,7692433293,2580408736,2017-06-04,6763.6,B
578,1031531759,2580408736,2017-06-04,3455.8,A
579,6089445103,4025744390,2017-06-04,8829.2,A
580,96951439,7913987817,2017-06-07,57640.7,A
581,3574468782,5786537138,2017-06-07,15161.9,B
582,749157245,7815067552,2017-06-29,4032.5,A
583,4347391216,3302670927,2017-06-20,1230.4,B
584,1912461016,8020773599,2017-06-20,77.2,A
585,3139323103,7174511128,2017-06-20,10075.2,B
586,898767914,274175791,2017-06-20,8633.7,A
587,2923146842,763696641,2017-06-20,2859.0,B
588,6830078335,5022644400,2017-06-20,52312.5,A
589,4218670877,815965946,2017-06-20,15016.5,B
590,3203102871,718445237,2017-06-20,2859.0,A
591,5403168110,064998961,2017-06-20,8804.4,B
592,1108460669,184947295,2017-06-20,441.2,A
593,3341983055,8715381399,2017-06-26,5265.3,A
594,2492057807,9701921846,2017-06-26,29531.2,A
595,591662990,2932135959,2017-06-26,11997.2,B
596,783225338,9811596833,2017-06-26,36887.0,A
597,153180836,1393716156,2017-06-26,21700.3,B
598,9393820031,8414285796,2017-06-26,7899.8,A
599,6366725690,1473716056,2017-06-09,6871.0,A
600,64351563,7547448182,2017-06-09,986.3,B
601,3641732215,935092974,2017-06-09,1541.8,B
602,9152462365,2541102139,2017-06-09,492.6,A
603,48100816,6561731811,2017-06-09,12281.8,B
604,1661107183,7642073273,2017-06-04,40407.7,A
605,147775123,2580408736,2017-06-04,6069.4,A
606,8426074790,4498132516,2017-06-04,953.1,B
607,2593057843,614654742,2017-06-04,3938.3,B
608,9265762274,1227455950,2017-06-04,35813.6,B
609,623432363,4498132516,2017-06-04,12938.8,A
610,7737491264,3253273347,2017-06-04,6844.1,A
611,118244104,1405586202,2017-06-04,649.8,A
612,2548552225,3204325826,2017-06-04,4319.0,B
613,8077417918,1987293636,2017-06-07,180865.9,B
614,8726118352,267555816,2017-06-07,34042.5,B
615,2176070427,8442222918,2017-06-07,4267.7,A
616,3438241182,3365561569,2017-06-07,4628.0,A
617,7029958123,5929232912,2017-06-07,18691.4,A
618,2157443137,7185341853,2017-06-07,2298.5,A
619,52249590,496583064,2017-06-29,53433.4,A
620,2386619703,119196752,2017-06-29,2859.0,B
621,548758300,3682511041,2017-06-29,82343.1,A
622,2869881134,632309456,2017-06-29,57707.2,B
623,5047112663,7889693625,2017-06-29,6415.6,A
624,6601124685,2580408736,2017-06-29,5751.7,B
625,91364649,6324676767,2017-06-29,8011.7,B
626,3062268107,2932135959,2017-06-29,3717.7,B
627,2276412625,3411034276,2017-06-29,129116.3,A
628,3241883379,9200841402,2017-06-29,778.4,B
629,4833128028,688620442,2017-06-29,37211.5,A
630,9715234536,6697227102,2017-06-20,80071.9,B
631,4582948053,867920694,2017-06-20,56743.6,A
632,2328613265,9639601980,2017-06-20,9568.1,A
633,7454323079,140128947,2017-06-20,50012.4,A
634,7745278175,736117992,2017-06-09,53499.4,A
635,7985286209,5409179741,2017-06-09,28599.6,A
636,2752160342,1866653623,2017-06-09,12852.9,B
637,8915886875,053907159,2017-06-09,50274.7,B
638,1942422118,9556963862,2017-06-09,7410.7,B
639,5478143603,2416903477,2017-06-04,13222.6,B
640,6767303541,3747961411,2017-06-04,45233.2,B
641,713364908,367363637,2017-06-04,185.4,A
642,208991638,563847985,2017-06-04,27424.0,B
643,7926925016,9702999718,2017-06-26,39990.7,B
644,6809764366,6251145876,2017-06-26,3455.8,A
645,713451832,3443103308,2017-06-26,24376.0,A
646,6693997974,9810072475,2017-06-26,11798.4,A
647,2031372081,8477271376,2017-06-26,26253.3,B
648,2681164004,621384839,2017-06-26,143212.2,A
649,3157434263,277260641,2017-06-07,57640.7,B
650,4720173371,9711223246,2017-06-07,4257.4,A
651,7228494607,6614306406,2017-06-07,148.4,B
652,3577804722,5197742517,2017-06-07,10584.8,B
653,7742211110,6351295837,2017-06-07,3455.8,B
654,1822777230,868137671,2017-06-07,110336.7,B
655,3266297425,2870446322,2017-06-07,30200.6,B
656,853046986,534237362,2017-06-07,756.8,B
657,1273030185,4932717582,2017-06-26,18792.4,A
658,815809031,2411098306,2017-06-26,53433.4,B
659,8631196502,3478942871,2017-06-26,12020.0,B
660,390111811,270091789,2017-06-04,4731.5,A
661,1194149519,9667326336,2017-06-04,6469.0,B
662,1167187411,0264983635,2017-06-29,276532.9,A
663,8122469104,3394272993,2017-06-29,6202.3,A
664,2226800608,2402136386,2017-06-29,12529.9,B
665,572641450,0223639947,2017-06-29,30465.7,A
666,7594315627,6262309801,2017-06-29,2760.6,A
667,2783202348,443409188,2017-06-29,1108.8,A
668,3974740328,4796322622,2017-06-29,6308.9,A
669,511838624,2682152769,2017-06-29,50143.5,A
670,9121049316,7214992627,2017-06-29,1266.7,B
671,9413224493,728723800,2017-06-09,1344.1,B
672,3868896475,9083021163,2017-06-09,17574.7,A
673,3767872926,1293334222,2017-06-09,28320.7,B
674,6318774860,9083021163,2017-06-09,16946.8,B
675,8872366597,9083021163,2017-06-09,17064.6,B
676,811873172,9083021163,2017-06-09,3859.6,A
677,8382587496,2889584517,2017-06-09,85242.8,A
678,4636171263,7967133029,2017-06-20,4524.7,B
679,7255983793,3733969885,2017-06-20,4783.3,B
680,828331908,5133140786,2017-06-20,3834.2,B
681,8353115008,1191874034,2017-06-20,53433.4,B
682,2731653721,0264983635,2017-06-29,276532.9,B
683,714956363,2971354427,2017-06-29,1086.4,A
684,6342299042,339943485,2017-06-29,139756.4,A
685,1523479072,5461053491,2017-06-29,26838.0,B
686,5132514973,7498138416,2017-06-29,13311.6,B
687,468636121,5461053491,2017-06-29,3455.8,A
688,941553921,3335338618,2017-06-29,7167.3,B
689,9467383387,023441263,2017-06-29,800.0,B
690,3995674535,1701451733,2017-06-30,53433.4,B
691,8879899532,7186505765,2017-06-09,9163.3,B
692,8386090579,1405586202,2017-06-09,13532.9,B
693,4434721704,5169633082,2017-06-09,1198.7,B
694,9558135467,1728184835,2017-06-09,25639.3,B
695,5439722275,249763914,2017-06-09,15121.2,B
696,99162899,5693772663,2017-06-09,5672.5,A
697,6561258182,9913573281,2017-06-09,96584.4,B
698,12458889,9933344825,2017-06-05,42031.6,A
699,6664004643,9602873256,2017-06-05,1892.8,B
700,5164712127,8593257921,2017-06-07,4835.2,B
701,686246931,6440120671,2017-06-07,2613.8,A
702,9139688018,7760893654,2017-06-07,6109.3,A
703,3855455289,0383057,2017-06-07,4114.2,A
704,8818585651,513411779,2017-06-07,58505.9,A
705,4451312812,1677411682,2017-06-07,33091.1,A
706,4129384455,6943696288,2017-06-07,8914.7,B
707,4435279741,0518666287,2017-06-07,10556.7,B
708,7634552220,140339199,2017-06-07,3128.6,B
709,850115243,089506620,2017-06-07,151210.4,A
710,696916175,670450528,2017-06-20,29531.2,B
711,670024400,283037324,2017-06-20,7437.8,B
712,8058380680,8067609639,2017-06-20,5672.5,B
713,2692998722,998587226,2017-06-20,931.1,B
714,275173113,3116910287,2017-06-20,554.9,B
715,1498029169,5004066415,2017-06-27,52780.3,B
716,294738870,718445237,2017-06-27,931.1,A
717,6161690495,3423380696,2017-06-27,8914.7,A
718,2317643124,1771281563,2017-06-27,74903.4,A
719,7149366007,9926689559,2017-06-05,1426.5,A
720,6091590342,629759568,2017-06-05,756.8,A
721,497437096,4966217352,2017-06-05,4152.5,A
722,7737156210,8504504602,2017-06-05,18691.4,A
723,3262235309,0914677400,2017-06-05,88568.9,B
724,272970508,1265501321,2017-06-05,7180.8,A
725,2170404349,1269934414,2017-06-07,3355.5,B
726,6358155032,565262390,2017-06-07,7818.1,A
727,6390190853,1405586202,2017-06-07,51420.8,A
728,1152674047,7893435833,2017-06-07,92566.2,B
729,8762440667,3748723523,2017-06-07,16271.5,B
730,6338637305,744787307,2017-06-30,19614.7,A
731,6873365337,6200122007,2017-06-30,6202.3,B
732,221159361,744787307,2017-06-30,9080.4,B
733,4080537732,2359509583,2017-06-30,12852.9,B
734,1733914481,3351416377,2017-06-30,27362.2,B
735,3533553268,046401082,2017-06-09,8036.2,B
736,1342429955,5304082625,2017-06-09,42012.3,A
737,3496015671,7903125595,2017-06-09,7194.3,B
738,9482220909,2281795970,2017-06-09,2202.4,B
739,5551492169,9083021163,2017-06-09,28249.5,A
740,93214588,3194812065,2017-06-09,1176.2,A
741,3221245418,6424283518,2017-06-09,8265.9,B
742,1510973451,3120959233,2017-06-09,42015.5,A
743,3539673060,4313830334,2017-06-09,234090.3,A
744,1838683036,283155818,2017-06-27,306367.3,B
745,641768284,2872363250,2017-06-27,12595.6,A
746,1586088962,3301371025,2017-06-27,164505.1,A
747,221172735,2427430315,2017-06-27,1892.8,B
748,654317424,2963343421,2017-06-20,1426.5,B
749,1295297408,001898805,2017-06-20,57640.7,B
750,5376333731,7221554421,2017-06-20,7763.6,A
751,831144384,187996622,2017-06-20,119600.2,B
752,222086073,2851981953,2017-06-20,756.8,A
753,2177213112,6620627211,2017-06-21,58972.3,B
754,438620688,3288335156,2017-06-30,6175.7,B
755,9212563514,2229797261,2017-06-30,150844.2,B
756,337523581,3354735972,2017-06-30,77.2,B
757,182964672,5983297810,2017-06-30,76540.3,A
758,609911034,674384934,2017-06-09,3979.0,B
759,3063615511,5946171494,2017-06-09,2250.4,A
760,1063239941,4325318516,2017-06-09,2370.9,B
761,1543087190,4354892472,2017-06-07,2130.5,A
762,3703456725,753194115,2017-06-07,14871.2,B
763,5279545518,3953162169,2017-06-07,26868.8,B
764,2719706231,580066387,2017-06-07,2513.9,A
765,4195552176,8526481224,2017-06-07,2130.5,B
766,218599768,213393554,2017-06-07,14291.6,B
767,926551887,5461053491,2017-06-21,1565.0,A
768,9611202304,2523895271,2017-06-21,5580.3,B
769,3512377358,0122374855,2017-06-21,1198.7,A
770,9090517907,5439390627,2017-06-05,4319.0,B
771,797358561,8492457716,2017-06-05,3280.6,B
772,6925395003,8644294603,2017-06-05,3732.9,B
773,478979295,2606632806,2017-06-05,25461.5,A
774,253009404,9282122284,2017-06-05,6096.0,A
775,3476351107,198573808,2017-06-27,756.8,A
776,9622651900,966694020,2017-06-27,1775.0,A
777,2372811841,772449733,2017-06-27,35623.5,A
778,2044062927,0716042096,2017-06-27,12139.4,B
779,882031410,1624853124,2017-06-27,8611.7,A
780,6263155111,422462506,2017-06-27,1646.3,B
781,922043606,1711416728,2017-06-27,21383.8,A
782,4593599238,3680613110,2017-06-27,6228.9,A
783,833312239,9910415964,2017-06-27,48473.9,B
784,3817218814,5397145356,2017-06-07,12852.9,B
785,8502197032,673835548,2017-06-07,9326.7,B
786,5012718903,9311210117,2017-06-07,7818.1,A
787,9614993382,4498742869,2017-06-07,1916.4,A
788,3844927404,9643126477,2017-06-07,9740.6,B
789,220012040,7432068370,2017-06-08,4635.7,B
790,5948755153,5132146370,2017-06-30,671.0,A
791,9355775229,9237868548,2017-06-30,39702.3,A
792,6779184116,1265016382,2017-06-30,2130.5,B
793,4078430288,5983297810,2017-06-30,61075.8,A
794,170203898,1917377061,2017-06-10,3126.1,B
795,7323054836,5260092865,2017-06-10,6170.4,B
796,277197723,3097010079,2017-06-05,2613.8,B
797,1075502995,7472413570,2017-06-05,13829.5,A
798,2597292571,9831726878,2017-06-05,14955.5,A
799,445457024,3524732374,2017-06-05,5794.0,B
800,786187920,649933291,2017-06-05,3732.9,A
801,773359450,1604082624,2017-06-05,1892.8,B
802,7572268279,2178945360,2017-06-05,1334.9,B
803,9911830678,5971883741,2017-06-05,12967.4,B
804,4816714221,526801495,2017-06-05,10640.9,B
805,2921617343,1188302801,2017-06-05,166.8,B
806,2619431514,3329106331,2017-06-05,1892.8,A
807,4590574372,5060731302,2017-06-05,2130.5,A
808,4754124300,367363637,2017-06-05,3280.6,A
809,2364279834,3297421670,2017-06-21,5698.9,A
810,172904294,7023495417,2017-06-21,22014.1,A
811,7926831587,4541591637,2017-06-21,3480.9,A
812,966597373,5006189509,2017-06-21,1426.5,A
813,6175543004,1025531143,2017-06-21,16482.6,A
814,8276458119,9861748207,2017-06-21,55317.7,B
815,9721172270,0826183507,2017-06-21,461.7,B
816,8573384955,9411925233,2017-06-21,21685.2,A
817,5036584661,4113333324,2017-06-21,261.7,A
818,3539900265,8858814319,2017-06-21,11741.7,A
819,676403038,9861748207,2017-06-27,39606.2,B
820,277619586,5176346600,2017-06-27,607.4,B
821,4530192433,754644257,2017-06-27,53433.4,A
822,2930390987,7033964591,2017-06-27,5580.3,A
823,1950713927,969293001,2017-06-27,6736.7,A
824,5687670309,547027205,2017-06-27,60073.2,A
825,841449665,3844117158,2017-06-27,185.4,B
826,774122211,7723279111,2017-06-30,2370.9,B
827,2302987314,716272611,2017-06-30,18691.4,A
828,129214292,510096574,2017-06-30,6469.0,B
829,5114487022,1069367701,2017-06-30,2106.6,A
830,877317024,2356705874,2017-06-30,2443.5,B
831,8625447001,840236422,2017-06-30,340.4,B
832,6875420588,1069367701,2017-06-30,692.4,B
833,8164543664,5014271634,2017-06-30,1198.7,A
834,4238291598,311351526,2017-06-10,26124.3,B
835,8235147209,284082862,2017-06-08,45009.3,A
836,9102229825,7300922355,2017-06-08,8419.4,A
837,87698043,863543530,2017-06-08,15307.5,B
838,1206007176,3297421670,2017-06-21,10528.7,B
839,698242073,6236977008,2017-06-21,3156.0,B
840,582231243,2423247576,2017-06-21,26124.3,B
841,7038733165,1669983033,2017-06-21,28351.7,B
842,2546739046,3727145499,2017-06-21,2130.5,A
843,3307559561,4673490722,2017-06-05,2118.6,B
844,3144723187,537417195,2017-06-05,70034.8,A
845,329391887,6163046723,2017-06-05,2589.4,A
846,2695446722,4623189334,2017-06-05,4628.0,A
847,8307660849,2190826801,2017-06-05,2608.9,A
848,2694160366,011218983,2017-06-05,42012.3,B
849,453379492,3083735775,2017-06-05,5409.4,B
850,4288435317,0356584427,2017-06-05,6426.2,B
851,497437876,750457991,2017-06-27,1198.7,A
852,2381147,1073538373,2017-06-27,12054.1,A
853,486922652,7287332153,2017-06-27,4653.8,A
854,2959986538,9429235176,2017-06-27,1588.2,A
855,7334580158,8392519840,2017-06-27,54358.2,A
856,2273418238,9468933194,2017-06-27,1611.4,B
857,530178534,8207483673,2017-06-27,1086.4,B
858,116739226,9136192116,2017-06-27,335266.0,A
859,395648935,0927933642,2017-06-10,7221.3,A
860,3410360984,1614835623,2017-06-30,24400.4,B
861,2992122080,3793315085,2017-06-30,4653.8,B
862,3285403540,188091589,2017-06-30,19048.3,A
863,8380114565,2792042718,2017-06-30,1658.0,A
864,6255318227,3932003984,2017-06-30,36105.5,B
865,991943756,1403440682,2017-06-30,12652.7,B
866,527277750,2130711300,2017-06-30,8090.9,B
867,5083868170,7733332131,2017-06-30,115101.7,B
868,9936454249,1298042369,2017-06-08,11071.5,B
869,116138015,8924112636,2017-06-08,17079.3,A
870,4653276134,838208025,2017-06-08,53433.4,A
871,4484808421,9003543704,2017-06-08,2467.8,B
872,229528040,4325480152,2017-06-08,1892.8,A
873,4139477352,5022644400,2017-06-08,197026.5,B
874,8336263473,2638372355,2017-06-08,3606.7,B
875,8637970725,5123334557,2017-06-08,9329.5,B
876,919253024,1760569619,2017-06-08,8666.7,B
877,4194718390,7948291671,2017-06-08,3106.3,B
878,5533127639,6518139139,2017-06-05,148.4,A
879,6711099137,1188302801,2017-06-05,756.8,A
880,1462201963,3118737735,2017-06-05,40407.7,B
881,855142400,0565546171,2017-06-05,3631.9,A
882,7564279791,7037283103,2017-06-05,7818.1,B
883,6128242913,1405586202,2017-06-05,5751.7,B
884,836429158,6831187755,2017-06-05,3180.8,B
885,355831381,709724453,2017-06-05,13685.5,A
886,44645113,4268425798,2017-06-05,76143.6,A
887,283087373,070776044,2017-06-05,3958.7,B
888,1340809922,9780385492,2017-06-05,7981.6,A
889,6625323068,6801803615,2017-06-05,887.2,B
890,8161911952,7283558328,2017-06-21,96584.4,B
891,3656828510,5649537659,2017-06-21,9329.5,B
892,31889216,6404434091,2017-06-21,32311.9,A
893,1633896350,726962300,2017-06-21,10579.2,A
894,597550982,4229203138,2017-06-21,1064.1,A
895,4145007668,6040139632,2017-06-21,38371.8,A
896,4021216201,2642386778,2017-06-21,3355.5,A
897,494671493,7158573922,2017-06-21,63421.4,A
898,721509953,1829133406,2017-06-21,51161.1,B
899,8122538529,4489623222,2017-06-27,5121.5,A
900,2299893468,9136192116,2017-06-27,1751.5,B
901,749164231,5022644400,2017-06-27,3707.6,A
902,7591242143,779457653,2017-06-27,281.2,A
903,5829823925,3494077467,2017-06-27,4550.5,B
904,308064501,1071446476,2017-06-27,690.2,A
905,5029031325,2939991357,2017-06-27,1019.6,B
906,1530799626,025682967,2017-06-10,6202.3,A
907,1929070985,6767530712,2017-06-30,58059.8,B
908,7025222533,3440710578,2017-06-05,121.2,B
909,2391036,2276106547,2017-06-05,17005.7,A
910,6081001214,9078042280,2017-06-08,6096.0,B
911,5013144465,2186284165,2017-06-08,4357.5,B
912,806743837,59735430,2017-06-08,10024.9,B
913,2067842231,4294265069,2017-06-08,3106.3,B
914,2729999005,0716042096,2017-06-08,10164.6,A
915,6659190374,7130594523,2017-06-08,2274.5,B
916,793333254,1405586202,2017-06-08,13532.9,B
917,7510654972,575798342,2017-06-08,79728.3,B
918,893403310,3194812065,2017-06-08,1426.5,A
919,3076524788,6219591052,2017-06-21,37890.0,A
920,7808927350,482746249,2017-06-21,14407.3,B
921,212933819,454139611,2017-06-21,671.0,A
922,4060132237,1161879707,2017-06-10,5304.5,B
923,7887133266,9836946337,2017-06-10,11997.2,B
924,1774380076,47326014,2017-06-10,1518.7,B
925,3121798183,5828862049,2017-06-10,111899.1,A
926,808105394,0913991335,2017-06-30,8474.3,A
927,6081133,064799170,2017-06-30,1845.6,B
928,4689520076,450656427,2017-06-30,105027.2,B
929,904052683,358404376,2017-06-30,735.2,B
930,8961924733,3723941309,2017-07-01,58406.0,B
931,2947529595,4570919744,2017-06-27,821.7,A
932,9377654194,0115910422,2017-06-27,1495.6,A
933,9706623666,8383657771,2017-06-27,94.6,B
934,1640756351,2248768510,2017-06-27,3455.8,B
935,3326112299,0171410806,2017-06-27,19883.5,A
936,376154994,632943694,2017-06-08,5147.6,B
937,8237654209,289020244,2017-06-08,2370.9,B
938,1133851175,3297421670,2017-06-08,3480.9,B
939,3303386507,1830950615,2017-06-08,9801.8,A
940,2305054204,4838060256,2017-06-08,198267.8,B
941,7444327399,1100335888,2017-06-08,1681.3,B
942,2154812201,0373627709,2017-06-08,19435.6,B
943,114145824,2630584997,2017-06-08,54622.7,B
944,338149645,2601324890,2017-06-08,54996.6,A
945,6481749423,5066210781,2017-06-21,45233.2,B
946,581528608,3510247373,2017-06-21,8200.2,A
947,1805928526,3510247373,2017-06-21,17713.5,A
948,6354311662,8612149526,2017-06-21,10846.2,A
949,1349997392,908874587,2017-06-21,205429.4,A
950,726171062,1857674093,2017-06-21,74797.6,B
951,609970695,47724218,2017-06-22,2370.9,B
952,6838703134,4455629164,2017-06-28,4835.2,A
953,3722289399,3976314332,2017-06-28,24904.4,B
954,7130879833,8432435010,2017-06-28,2859.0,B
955,3211233004,4170338834,2017-06-28,6069.4,B
956,6432219422,2580251373,2017-07-01,2608.9,B
957,8857739591,2269794481,2017-07-01,13369.1,B
958,2816136027,5806306408,2017-07-01,8364.6,A
959,2778723560,3552469972,2017-07-01,4267.7,B
960,7712672012,1094992269,2017-06-10,89958.5,B
961,27166924,545357696,2017-06-10,31716.2,A
962,3160409264,748253015,2017-06-10,57640.7,B
963,8078308694,259955298,2017-06-10,4447.5,B
964,8002187883,3079406336,2017-06-10,3961.2,B
965,766142788,7424041551,2017-06-10,15482.3,A
966,751947989,7411437534,2017-06-10,756.8,A
967,1253516276,0244129285,2017-06-10,5561.9,B
968,6272843780,436846495,2017-06-08,5409.4,B
969,5379101162,482696696,2017-06-08,6069.4,A
970,7478477073,3748723523,2017-06-08,8942.3,A
971,4629719450,2367688649,2017-06-08,997.4,B
972,7924953419,3748723523,2017-06-08,8942.3,B
973,981271876,3727145499,2017-06-22,2932.9,B
974,969337158,8882322743,2017-06-22,9512.6,B
975,9569441823,282272122,2017-06-22,35135.8,B
976,108096326,5252669619,2017-06-22,7051.3,B
977,3697544751,3527239469,2017-06-22,2085.1,B
978,212799739,046401082,2017-06-22,6335.5,B
979,7051810627,0042478886,2017-06-22,43629.4,A
980,3209235278,1831161361,2017-06-22,340.4,A
981,703807124,0293696374,2017-06-10,1312.1,A
982,7478901378,3245246832,2017-06-10,22591.7,A
983,1427214281,1408221162,2017-06-10,4524.7,B
984,6343173772,2686623247,2017-06-10,166.8,B
985,599268422,4200943460,2017-06-10,14118.1,A
986,268159219,30369198,2017-06-10,1728.1,B
987,27331850,127238168,2017-06-10,3230.7,B
988,6468713181,9659852031,2017-06-10,3682.4,B
989,4034808952,280515769,2017-06-28,340.4,A
990,6220564,157363863,2017-06-28,16893.9,B
991,634225140,140417115,2017-06-28,204.3,B
992,3233139287,6845066378,2017-07-01,11983.0,B
993,679771394,7641724102,2017-07-01,3255.6,B
994,3246524238,7101291264,2017-07-01,3280.6,B
995,461570953,8728710503,2017-07-01,6255.6,B
996,4180192911,1990380956,2017-07-01,166.8,A
997,1196644114,7145623317,2017-07-01,41243.0,B
998,1605019501,607958033,2017-06-08,34026.7,A
999,3888511131,1453427467,2017-06-08,4114.2,A
1000,575815363,9246160142,2017-06-08,10024.9,A
1001,2246230602,577213120,2017-06-08,2130.5,A
1002,1449326243,981883292,2017-06-08,2443.5,B
1003,7265363951,74415547,2017-06-08,223.3,A
1004,1858860564,330349102,2017-06-10,2638.2,A
1005,4115696248,2202175797,2017-06-10,166.8,A
1006,154618142,2697812374,2017-06-10,177126.7,A
1007,1339093116,9779307408,2017-06-10,8804.4,B
1008,3165626828,4321545006,2017-07-01,6736.7,A
1009,2607639720,739269203,2017-07-01,6335.5,B
1010,8182002317,9607174832,2017-07-01,8639.2,A
1011,9913991564,0074836470,2017-07-01,51420.8,A
1012,3411412612,9389611204,2017-07-01,11147.6,B
1013,35686125,739269203,2017-07-01,94.6,A
1014,1377274378,065519601,2017-07-01,27207.9,A
1015,5256184527,2889584517,2017-07-01,1153.7,A
1016,5905622133,802307414,2017-07-01,997.4,B
1017,1792312190,0030991635,2017-07-01,37466.2,A
1018,2591461170,5022644400,2017-07-01,13369.1,A
1019,258448223,5022644400,2017-07-01,4267.7,B
1020,657435233,0101553236,2017-07-01,1892.8,B
1021,998047563,3411034276,2017-07-01,45281.8,B
1022,2231485319,7778434828,2017-07-01,6255.6,A
1023,1210870168,595037780,2017-07-01,17754.9,B
1024,8551174538,1493164943,2017-07-01,281.2,B
1025,2179826304,9552812604,2017-07-01,8403.0,A
1026,925604368,1717106392,2017-07-01,55307.8,B
1027,253920474,1688309053,2017-06-10,821.7,A
1028,6478706073,361821536,2017-06-10,2613.8,B
1029,996664034,9913573281,2017-06-10,197026.5,A
1030,2248081209,254116622,2017-06-10,6736.7,B
1031,3762875161,9913573281,2017-06-10,6335.5,B
1032,479765721,8106164211,2017-06-10,7492.0,B
1033,513038173,642048249,2017-06-10,3480.9,B
1034,6704602824,5904224265,2017-06-10,34042.5,B
1035,5683908892,4971723723,2017-06-09,23043.3,A
1036,906080521,0941499643,2017-06-09,22743.2,B
1037,1141815794,1855034875,2017-07-01,4216.4,B
1038,4092385042,0175650252,2017-07-01,87302.8,B
1039,1853861578,1155971208,2017-06-10,17669.2,A
1040,8645030468,5743390302,2017-06-10,55317.7,A
1041,2949937478,6421147251,2017-06-11,4088.6,A
1042,361256611,4135665645,2017-06-11,461.7,B
1043,577639343,0741740010,2017-06-11,2443.5,B
1044,1691488826,0941499643,2017-06-11,23654.0,A
1045,2660283171,1022719622,2017-06-11,15949.5,A
1046,3392458393,931102514,2017-06-11,4137.2,B
1047,8996211761,8103923574,2017-06-11,7818.1,A
1048,6047204455,4170338834,2017-06-11,3935.8,B
1049,1551411459,8050871729,2017-06-11,7818.1,A
1050,2519553304,526766371,2017-06-11,9326.7,B
1051,2435627107,9121326143,2017-06-11,1646.3,B
1052,434859704,835600844,2017-06-11,42012.3,B
1053,45471565,8645838044,2017-06-11,909.1,A
1054,6779152600,595466931,2017-06-11,8364.6,B
1055,7091821082,2954639452,2017-06-11,671.0,B
1056,815282519,4025965178,2017-06-11,45119.6,A
1057,653222125,8165034243,2017-06-11,2130.5,A
1058,157624874,0596234108,2017-06-11,50143.5,B
1059,2189125813,1702539381,2017-06-11,4139.7,B
1060,2851595801,6605434801,2017-06-11,24598.8,A
1061,3892281926,8713388809,2017-06-11,821.7,A
1062,7213751181,1405586202,2017-06-11,22561.5,A
1063,544760482,9032972681,2017-06-11,2613.8,B
1064,634251066,8359184164,2017-06-11,54622.7,A
1065,5920971428,3859121653,2017-06-11,4203.6,A
1066,5512644526,2515943225,2017-06-11,14865.4,B
1067,8900243731,2733223461,2017-06-12,10725.2,B
1068,5771802,1211754955,2017-06-12,9326.7,A
1069,2378575267,0236823747,2017-06-12,4811.8,A
1070,3274823711,0966904442,2017-06-12,1312.1,B
1071,8183934904,1417202361,2017-06-12,20782.4,A
1072,2951926375,6040139632,2017-06-12,4088.6,A
1073,8048236892,9571940312,2017-06-12,34547.6,A
1074,3532441127,716551457,2017-06-12,2834.4,B
1075,2640291159,7189408318,2017-06-12,7954.4,B
1076,3272128632,2670342858,2017-06-12,24071.1,A
1077,7174491930,5675326002,2017-06-12,1198.7,B
1078,5885862326,7014022511,2017-06-12,649.8,B
1079,7440246024,543999227,2017-06-12,25670.0,A
1080,7389049404,1461634329,2017-06-12,21987.0,B
1081,1491828199,5331196966,2017-06-12,23501.9,A
1082,9556029160,9934711942,2017-06-12,15818.0,B
1083,4983073533,8187273738,2017-06-12,2565.0,A
1084,6870494029,0870890217,2017-06-12,1751.5,A
1085,2076719,3399766317,2017-06-12,11883.6,B
1086,981976453,1083100188,2017-06-12,887.2,B
1087,674183012,5955376005,2017-06-12,128035.4,B
1088,791734598,9142882033,2017-06-12,17492.0,A
1089,1724373102,8717958429,2017-06-12,12281.8,A
1090,5903788543,2195521168,2017-06-12,778.4,A
1091,730982576,5022644400,2017-06-12,77.2,A
1092,367174279,4354973707,2017-06-12,565.4,B
1093,3383475944,894526475,2017-06-12,13024.7,A
1094,314774761,6819878918,2017-06-12,11455.6,B
1095,1270745715,6573614221,2017-06-12,40439.8,B
1096,7580378871,6922340533,2017-06-12,103474.7,B
1097,7237803564,718445237,2017-06-12,649.8,A
1098,241910198,6922340533,2017-06-12,49914.0,A
1099,949106123,448225971,2017-06-12,225384.4,A
1100,1416247155,6922340533,2017-06-12,7221.3,B
1101,940873083,1183844622,2017-06-12,1507.1,B
1102,7043124197,969293001,2017-06-12,17058.7,A
1103,7433811748,7164269141,2017-06-12,227824.8,A
1104,9636274685,558648159,2017-06-12,3480.9,B
1105,6285426675,3438448290,2017-06-12,17669.2,B
1106,962256620,2390810967,2017-06-12,8172.9,B
1107,5732140570,7486210458,2017-06-12,544.5,A
1108,941704269,6573894901,2017-06-12,2613.8,A
1109,7142458813,984499390,2017-06-12,32468.8,A
1110,1314443142,0795213741,2017-06-12,3707.6,B
1111,2803285657,1645917629,2017-06-12,20212.7,A
1112,9162814517,8582991475,2017-06-12,544.5,B
1113,8738278105,8899138014,2017-06-12,10024.9,B
1114,3662176575,106404709,2017-06-13,20362.4,B
1115,156877987,953666817,2017-06-13,6335.5,B
1116,152389638,9598376303,2017-06-13,1892.8,A
1117,5033530395,0495871180,2017-06-13,32704.4,B
1118,170781841,8582991475,2017-06-13,1565.0,B
1119,1183439034,3896948053,2017-06-13,6634.9,A
1120,73321017,897549191,2017-06-13,2932.9,B
1121,9753634022,4803064415,2017-06-13,87562.8,A
1122,6086622343,1521034605,2017-06-13,4602.2,B
1123,9211274372,9555314048,2017-06-13,3902.7,B
1124,49850716,1438159598,2017-06-13,18068.5,A
1125,9329044901,9475253494,2017-06-13,14002.6,A
1126,499384444,65466850,2017-06-13,21685.2,A
1127,392471598,3811095327,2017-06-13,8008.9,B
1128,238764228,7213166712,2017-06-13,2130.5,B
1129,4622811488,507892189,2017-06-13,53268.4,A
1130,4032272163,1733822728,2017-06-13,76985.1,A
1131,3523254537,0378093263,2017-06-13,9997.0,B
1132,5624970043,5659154719,2017-06-13,23316.6,B
1133,2557724396,3210358301,2017-06-13,14147.0,B
1134,8622230881,850534040,2017-06-13,5989.8,B
1135,466535882,0348612182,2017-06-13,56421.6,A
1136,668146960,3130366917,2017-06-13,329758.5,A
1137,7193806692,513411779,2017-06-13,175564.9,A
1138,4346997724,1065906355,2017-06-13,3081.4,A
1139,37138246,558581387,2017-06-13,2768.0,A
1140,1343935545,508904923,2017-06-13,5409.4,A
1141,811881156,4392193214,2017-06-13,565.4,B
1142,1053518410,7099266086,2017-06-13,177126.7,B
1143,5360581195,2732062925,2017-06-13,1940.1,B
1144,3964658778,4937991967,2017-06-13,3355.5,B
1145,6307682007,0333609727,2017-06-13,12595.6,B
1146,1022015311,0850269538,2017-06-13,10444.5,B
1147,5308719139,617105652,2017-06-13,4447.5,B
1148,992126239,1595768876,2017-06-13,1892.8,B
1149,3293407691,1386974822,2017-06-14,26124.3,B
1150,9982512751,5626161476,2017-06-14,3106.3,A
1151,7371695642,5633332712,2017-06-14,8721.7,A
1152,8230978,3116492520,2017-06-14,2142.5,A
1153,5268447880,1257056292,2017-06-14,7180.8,B
1154,1346610179,9414179489,2017-06-14,7790.9,A
1155,9425727315,9048114443,2017-06-14,10388.5,A
1156,1291264065,1521034605,2017-06-14,4602.2,A
1157,1269140733,6633599297,2017-06-14,1198.7,A
1158,7784947581,5030693980,2017-06-14,713.8,A
1159,29535748,6814311397,2017-06-14,8584.2,B
1160,430259890,9904516817,2017-06-14,8611.7,B
1161,1593252655,157093892,2017-06-14,2395.1,B
1162,1250774137,4466934376,2017-06-14,16902.7,A
1163,7688152523,398347180,2017-06-14,778.4,B
1164,6235638502,8157372145,2017-06-14,25878.6,B
1165,8129525955,4466934376,2017-06-14,20167.8,B
1166,6627145412,537417195,2017-06-14,8556.7,B
1167,7365467665,9861748207,2017-06-14,12852.9,A
1168,6705227182,2721245232,2017-06-14,4137.2,B
1169,4821229010,915704671,2017-06-14,9440.4,A
1170,5272716686,4171678370,2017-06-14,2955.2,A
1171,8156286099,5169633082,2017-06-14,17574.7,B
1172,8369804091,5169633082,2017-06-14,1658.0,B
1173,2178838641,1437221122,2017-06-14,5936.8,A
1174,9907907222,3055462018,2017-06-14,2859.0,A
1175,1728836330,3297421670,2017-06-14,5698.9,B
1176,2361934253,0542432562,2017-06-14,7356.6,B
1177,5027335206,9646683166,2017-06-14,975.2,B
1178,5552545013,4499841210,2017-06-14,340.4,A
1179,398749375,0106648714,2017-06-14,2613.8,A
1180,8064381718,1447124262,2017-06-14,16300.8,A
1181,3831032047,6861138293,2017-06-14,77875.6,B
1182,3626625981,3680613110,2017-06-14,2859.0,B
1183,2461853253,250367949,2017-06-14,12709.9,A
1184,8266993149,4499841210,2017-06-14,29002.9,B
1185,955852564,2211790583,2017-06-14,1518.7,A
1186,4681223671,1261614172,2017-06-14,44892.5,B
1187,1228348728,311241932,2017-06-14,1565.0,A
1188,6017931923,1692528052,2017-06-14,189.2,A
1189,740128626,632943694,2017-06-14,99744.3,B
1190,84714883,5104571397,2017-06-14,23532.3,B
1191,5553922597,668941056,2017-06-14,48506.6,B
1192,3166623732,6313023776,2017-06-14,17211.8,B
1193,395231425,336037788,2017-06-14,7818.1,A
1194,1770972831,337152640,2017-06-14,29531.2,A
1195,9401202741,5461053491,2017-06-14,166.8,A
1196,7063579367,8000841272,2017-06-15,788132.8,B
